{
  "name": "Bitly step",
  "description": "",
  "blocks": [
    {
      "id": "c788cd49-1e44-4912-a1fc-2981bbcb88a2",
      "label": "Bitly",
      "environment": "HOSTED",
      "presentation": "{\"w\":60,\"x\":-179,\"h\":60,\"y\":-349}",
      "step": "3b5365ff-7c38-4df7-9d31-52ea803fe09b",
      "stepType": "SCRIPT_STEP",
      "inputMappings": [
        {
          "inputPort": "input",
          "mapping": "https://github.com/InfoJester/xm-labs-step-bitly",
          "stepInput": "c041007e-4cbf-44ce-8474-207804142b18"
        }
      ]
    }
  ]
}