[
  {
    "id": "3b5365ff-7c38-4df7-9d31-52ea803fe09b",
    "name": "Bitly",
    "description": "Shorten URLs with Bitly. As well as the required inputs, link this step to an endpoint with Base URL \"https://api-ssl.bitly.com\"",
    "icon": "https://s3-xmatters-static.s3.amazonaws.com/null/customers/75dd3261-7042-4d60-a665-d20d4824754d/IMAGE__20210603111004020__bitly.png",
    "script": "/* June 3rd 2021 - Created by Adam Watson for xMatters\n * Origonal idea taken from Matthew Steele's https://github.com/m3steele/xm-labs-xMatters-By-Phone-v2\n */\n \n//var myhttp = require('http');\n \nconsole.log('Started URL shorten with Bitly. URL to shorten: \"' + input['Long URL'] + '\"');\n\n\nvar bitlyRequest = http.request({\n    endpoint : 'bitly',\n    method : 'POST',\n    headers : {\n        'Authorization': 'Bearer ' + input['Authentication Token'],\n        'Content-Type': 'application/json'\n    },\n    path : '/v4/shorten'\n});\n\n\n\n\nconsole.log('Calling Bitly shorten service...');\n\nbitlyResponse = bitlyRequest.write(JSON.stringify({\n    'long_url': input['Long URL']\n}));\n\n\nif (bitlyResponse.statusCode === 200) {\n    output['Short URL'] = JSON.parse( bitlyResponse.body ).link;\n    console.log('... got back short URL \"' + output['Short URL'] + '\"');\n\n} else {\n    var errorMessage = bitlyResponse.body && bitlyResponse.body.error && bitlyResponse.body.error.message && bitlyResponse.body.error.message || '';\n    console.log('... something went wrong :(  - ' +  errorMessage);\n}\n\n\n\n",
    "endpointAuthType": "NO_AUTH",
    "endpointLabel": "bitly",
    "allowedEnvironment": "HOSTED",
    "accessibleByAll": "NotShared",
    "scriptStepType": "USER",
    "inputs": [
      {
        "id": "c041007e-4cbf-44ce-8474-207804142b18",
        "name": "Long URL",
        "helpText": "The URL you wish to shorten",
        "defaultValue": "https://github.com/InfoJester/xm-labs-step-bitly",
        "multiline": false,
        "required": true,
        "maxLength": 20000,
        "minLength": 0,
        "position": 0
      },
      {
        "id": "928448c5-c993-43e8-937f-dca22f3be17a",
        "name": "Authentication Token",
        "helpText": "Get from https://bitly.is/accesstoken after login to a validated account. (A free account is fine. Can't use a google authenticated account)",
        "defaultValue": "",
        "multiline": false,
        "required": true,
        "maxLength": 2000,
        "minLength": 0,
        "position": 1
      },
      {
        "id": "296f29d3-1695-420f-abae-9fece4d9f92a",
        "name": "Domain",
        "helpText": "Optionally change the domain the short link will be hosted on (paid accounts only)",
        "defaultValue": "",
        "multiline": false,
        "required": false,
        "maxLength": 2000,
        "minLength": 0,
        "position": 2
      }
    ],
    "outputs": [
      {
        "id": "0de21727-754b-41ac-b2a2-9d67f5349d67",
        "name": "Short URL",
        "position": 0
      }
    ],
    "libraries": []
  }
]